{"name":"29598a0a-619e-4a0a-bb8e-12268114a185","id":"/providers/Microsoft.Flow/flows/29598a0a-619e-4a0a-bb8e-12268114a185","type":"Microsoft.Flow/flows","properties":{"apiId":"/providers/Microsoft.PowerApps/apis/shared_logicflows","displayName":"Push BIM 360 Issues to SQL","definition":{"metadata":{"workflowEntityId":null,"flowclientsuspensionreason":"None","flowclientsuspensiontime":null,"creator":{"id":"0a51dd90-3f1d-489d-a9c7-7608d510e9b9","type":"User","tenantId":"5126c946-6432-4a5c-9af1-705e9d501b8a"},"provisioningMethod":"FromDefinition","failureAlertSubscription":true,"clientLastModifiedTime":"2020-09-30T05:53:21.6909545Z"},"$schema":"https://schema.management.azure.com/providers/Microsoft.Logic/schemas/2016-06-01/workflowdefinition.json#","contentVersion":"1.0.0.0","parameters":{"$connections":{"defaultValue":{},"type":"Object"},"$authentication":{"defaultValue":{},"type":"SecureObject"}},"triggers":{"manual":{"type":"Request","kind":"Button","inputs":{"schema":{"type":"object","properties":{},"required":[]}}}},"actions":{"Get_a_Project":{"runAfter":{},"type":"OpenApiConnection","inputs":{"host":{"apiId":"/providers/Microsoft.PowerApps/apis/shared_bim-2d360-2ddata-2dau-2d2020-2dclass-5f3cbd1889-faaa08fbe789a0f5","connectionName":"shared_bim-20360-20data-20-2d-20au-202020-20class-5f3c-67cf12d17850c640_2","operationId":"get_hub_project"},"parameters":{"hub_id":"b.3e435edd-b0b3-48f2-94aa-836934311cd4","project_id":"b.31943dc8-98f4-440b-95e3-0923d26fb3f4"},"authentication":{"value":"@json(decodeBase64(triggerOutputs().headers['X-MS-APIM-Tokens']))['$ConnectionKey']","type":"Raw"}}},"GET_issues":{"runAfter":{"Get_a_Project":["Succeeded"]},"type":"OpenApiConnection","inputs":{"host":{"apiId":"/providers/Microsoft.PowerApps/apis/shared_bim-2d360-2ddata-2dau-2d2020-2dclass-5f3cbd1889-faaa08fbe789a0f5","connectionName":"shared_bim-20360-20data-20-2d-20au-202020-20class-5f3c-67cf12d17850c640_2","operationId":"get_issues"},"parameters":{"container_id":"@outputs('Get_a_Project')?['body/data/relationships/issues/data/id']","Content-Type":"application/vnd.api+json","page[limit]":100,"page[offset]":0},"authentication":{"value":"@json(decodeBase64(triggerOutputs().headers['X-MS-APIM-Tokens']))['$ConnectionKey']","type":"Raw"}}},"Clear_SQL_Table":{"runAfter":{"GET_issues":["Succeeded"]},"type":"OpenApiConnection","inputs":{"host":{"apiId":"/providers/Microsoft.PowerApps/apis/shared_sql","connectionName":"shared_sql","operationId":"ExecutePassThroughNativeQuery_V2"},"parameters":{"server":"default","database":"default","query/query":"DELETE FROM bim360_issues"},"authentication":{"value":"@json(decodeBase64(triggerOutputs().headers['X-MS-APIM-Tokens']))['$ConnectionKey']","type":"Raw"}}},"Apply_to_each":{"foreach":"@outputs('GET_issues')?['body/data']","actions":{"Insert_row_(V2)":{"runAfter":{},"type":"OpenApiConnection","inputs":{"host":{"apiId":"/providers/Microsoft.PowerApps/apis/shared_sql","connectionName":"shared_sql","operationId":"PostItem_V2"},"parameters":{"server":"default","database":"default","table":"[dbo].[bim360_issues]","item/project_id":"@outputs('Get_a_Project')?['body/data/id']","item/project_name":"@outputs('Get_a_Project')?['body/data/attributes/name']","item/issue_id":"@items('Apply_to_each')?['id']","item/created_at":"@items('Apply_to_each')?['attributes/created_at']","item/synced_at":"@items('Apply_to_each')?['attributes/synced_at']","item/updated_at":"@items('Apply_to_each')?['attributes/updated_at']","item/close_version":"@items('Apply_to_each')?['attributes/close_version']","item/closed_at":"@items('Apply_to_each')?['attributes/closed_at']","item/closed_by":"@items('Apply_to_each')?['attributes/closed_by']","item/created_by":"@items('Apply_to_each')?['attributes/created_by']","item/starting_version":"@items('Apply_to_each')?['attributes/starting_version']","item/title":"@items('Apply_to_each')?['attributes/title']","item/description":"@items('Apply_to_each')?['attributes/description']","item/location_description":"@items('Apply_to_each')?['attributes/location_description']","item/due_date":"@items('Apply_to_each')?['attributes/due_date']","item/identifier":"@items('Apply_to_each')?['attributes/identifier']","item/status":"@items('Apply_to_each')?['attributes/status']","item/assigned_to":"@items('Apply_to_each')?['attributes/assigned_to']","item/assigned_to_type":"@items('Apply_to_each')?['attributes/assigned_to_type']","item/answer":"@items('Apply_to_each')?['attributes/answer']","item/answered_at":"@items('Apply_to_each')?['attributes/answered_at']","item/answered_by":"@items('Apply_to_each')?['attributes/answered_by']","item/owner":"@items('Apply_to_each')?['attributes/owner']","item/issue_type_id":"@items('Apply_to_each')?['attributes/issue_type_id']","item/issue_type":"@items('Apply_to_each')?['attributes/issue_type']","item/issue_sub_type":"@items('Apply_to_each')?['attributes/issue_sub_type']","item/root_cause_id":"@items('Apply_to_each')?['attributes/root_cause_id']","item/root_cause":"@items('Apply_to_each')?['attributes/root_cause']","item/comment_count":"@items('Apply_to_each')?['attributes/comment_count']","item/attachment_count":"@items('Apply_to_each')?['attributes/attachment_count']","item/ng_issue_subtype_id":"@items('Apply_to_each')?['attributes/ng_issue_subtype_id']","item/ng_issue_type_id":"@items('Apply_to_each')?['attributes/ng_issue_type_id']"},"authentication":{"value":"@json(decodeBase64(triggerOutputs().headers['X-MS-APIM-Tokens']))['$ConnectionKey']","type":"Raw"}}}},"runAfter":{"Clear_SQL_Table":["Succeeded"]},"type":"Foreach"}}},"connectionReferences":{"shared_bim-20360-20data-20-2d-20au-202020-20class-5f3c-67cf12d17850c640_2":{"connectionName":"34749c2b6a0843e3adbdad1ed327a614","source":"Invoker","id":"/providers/Microsoft.PowerApps/apis/shared_bim-2d360-2ddata-2dau-2d2020-2dclass-5f3cbd1889-faaa08fbe789a0f5","tier":"NotSpecified"},"shared_sql":{"connectionName":"979fb0f4932b43b3afe8c270565d3268","source":"Invoker","id":"/providers/Microsoft.PowerApps/apis/shared_sql","tier":"NotSpecified"}},"flowFailureAlertSubscribed":false}}